Record Length,1000,Points,-10.0000007E-3,2.4800003,,Record Length,1000,Points,-10.0000007E-3,2.4800003,
Sample Interval,19.9999995E-6,s,-9.980000556E-3,2.5600002,,Sample Interval,19.9999995E-6,s,-9.980000556E-3,2.4000001,
Trigger Point,500.000048021,Samples,-9.960000403E-3,2.5600002,,Trigger Point,500.000048021,Samples,-9.960000403E-3,2.5600002,
,,,-9.940000251E-3,2.4800003,,,,,-9.940000251E-3,2.5600002,
,,,-9.920001030E-3,2.4800003,,,,,-9.920001030E-3,2.4800003,
,,,-9.900000878E-3,2.4800003,,,,,-9.900000878E-3,2.5600002,
Source,CH2,,-9.880000725E-3,2.5600002,,Source,CH4,,-9.880000725E-3,2.4800003,
Vertical Units,V,,-9.860000573E-3,2.5600002,,Vertical Units,V,,-9.860000573E-3,2.4800003,
Vertical Scale,2.0000001,,-9.840000421E-3,2.4800003,,Vertical Scale,2.0000001,,-9.840000421E-3,2.4800003,
Vertical Offset,0,,-9.820000269E-3,2.5600002,,Vertical Offset,0,,-9.820000269E-3,2.6400001,
Horizontal Units,s,,-9.800001048E-3,2.5600002,,Horizontal Units,s,,-9.800001048E-3,2.4800003,
Horizontal Scale,1.9999999E-3,,-9.780000895E-3,2.4800003,,Horizontal Scale,1.9999999E-3,,-9.780000895E-3,2.5600002,
Pt Fmt,Y,,-9.760000743E-3,2.4800003,,Pt Fmt,Y,,-9.760000743E-3,2.5600002,
Yzero,-480.000000000E-3,,-9.740000591E-3,2.4000001,,Yzero,40.00000000E-3,,-9.740000591E-3,2.5600002,
Probe Atten,1.000000,,-9.720000438E-3,2.5600002,,Probe Atten,1.000000,,-9.720000438E-3,2.5600002,
,,,-9.700000286E-3,2.4800003,,,,,-9.700000286E-3,2.5600002,
Note,MDO3024 - 16:40:06   2023-03-16,,-9.680001065E-3,2.5600002,,Note,MDO3024 - 16:40:06   2023-03-16,,-9.680001065E-3,2.5600002,
,,,-9.660000913E-3,2.4800003,,,,,-9.660000913E-3,2.5600002,
,,,-9.640000761E-3,2.4800003,,,,,-9.640000761E-3,2.5600002,
,,,-9.620000608E-3,2.4800003,,,,,-9.620000608E-3,2.4800003,
,,,-9.600000456E-3,2.4800003,,,,,-9.600000456E-3,2.4800003,
,,,-9.580000304E-3,2.5600002,,,,,-9.580000304E-3,2.5600002,
,,,-9.560001083E-3,2.5600002,,,,,-9.560001083E-3,2.5600002,
,,,-9.540000930E-3,2.5600002,,,,,-9.540000930E-3,2.6400001,
,,,-9.520000778E-3,2.5600002,,,,,-9.520000778E-3,2.4800003,
,,,-9.500000626E-3,2.4800003,,,,,-9.500000626E-3,2.6400001,
,,,-9.480000474E-3,2.5600002,,,,,-9.480000474E-3,2.5600002,
,,,-9.460000321E-3,2.4800003,,,,,-9.460000321E-3,2.4800003,
,,,-9.440001100E-3,2.5600002,,,,,-9.440001100E-3,2.4800003,
,,,-9.420000948E-3,2.4800003,,,,,-9.420000948E-3,2.5600002,
,,,-9.400000796E-3,2.4800003,,,,,-9.400000796E-3,2.5600002,
,,,-9.380000643E-3,2.4000001,,,,,-9.380000643E-3,2.5600002,
,,,-9.360000491E-3,2.4800003,,,,,-9.360000491E-3,2.5600002,
,,,-9.340000339E-3,2.4800003,,,,,-9.340000339E-3,2.4800003,
,,,-9.320001118E-3,2.5600002,,,,,-9.320001118E-3,2.4800003,
,,,-9.300000966E-3,2.5600002,,,,,-9.300000966E-3,2.5600002,
,,,-9.280000813E-3,2.4800003,,,,,-9.280000813E-3,2.4800003,
,,,-9.260000661E-3,2.5600002,,,,,-9.260000661E-3,2.5600002,
,,,-9.240000509E-3,2.5600002,,,,,-9.240000509E-3,2.5600002,
,,,-9.220000356E-3,2.4800003,,,,,-9.220000356E-3,2.5600002,
,,,-9.200001135E-3,2.5600002,,,,,-9.200001135E-3,2.5600002,
,,,-9.180000983E-3,2.5600002,,,,,-9.180000983E-3,2.4800003,
,,,-9.160000831E-3,2.5600002,,,,,-9.160000831E-3,2.4800003,
,,,-9.140000679E-3,2.4000001,,,,,-9.140000679E-3,2.5600002,
,,,-9.120000526E-3,2.4800003,,,,,-9.120000526E-3,2.5600002,
,,,-9.100000374E-3,2.5600002,,,,,-9.100000374E-3,2.4800003,
,,,-9.080001153E-3,2.5600002,,,,,-9.080001153E-3,2.5600002,
,,,-9.060001001E-3,2.5600002,,,,,-9.060001001E-3,2.5600002,
,,,-9.040000848E-3,2.5600002,,,,,-9.040000848E-3,2.5600002,
,,,-9.020000696E-3,2.5600002,,,,,-9.020000696E-3,2.5600002,
,,,-9.000000544E-3,2.5600002,,,,,-9.000000544E-3,2.4800003,
,,,-8.980000392E-3,2.4800003,,,,,-8.980000392E-3,2.6400001,
,,,-8.960001171E-3,2.5600002,,,,,-8.960001171E-3,2.5600002,
,,,-8.940001018E-3,2.5600002,,,,,-8.940001018E-3,2.4800003,
,,,-8.920000866E-3,2.4800003,,,,,-8.920000866E-3,2.4800003,
,,,-8.900000714E-3,2.6400001,,,,,-8.900000714E-3,2.5600002,
,,,-8.880000561E-3,2.5600002,,,,,-8.880000561E-3,2.5600002,
,,,-8.860000409E-3,2.4800003,,,,,-8.860000409E-3,2.4800003,
,,,-8.840001188E-3,2.4800003,,,,,-8.840001188E-3,2.4800003,
,,,-8.820001036E-3,2.5600002,,,,,-8.820001036E-3,2.5600002,
,,,-8.800000884E-3,2.4800003,,,,,-8.800000884E-3,2.5600002,
,,,-8.780000731E-3,2.5600002,,,,,-8.780000731E-3,2.5600002,
,,,-8.760000579E-3,2.5600002,,,,,-8.760000579E-3,2.6400001,
,,,-8.740000427E-3,2.4800003,,,,,-8.740000427E-3,2.6400001,
,,,-8.720001206E-3,2.5600002,,,,,-8.720001206E-3,2.5600002,
,,,-8.700001054E-3,2.4800003,,,,,-8.700001054E-3,2.6400001,
,,,-8.680000901E-3,2.5600002,,,,,-8.680000901E-3,2.4800003,
,,,-8.660000749E-3,2.4800003,,,,,-8.660000749E-3,2.4800003,
,,,-8.640000597E-3,2.4800003,,,,,-8.640000597E-3,2.5600002,
,,,-8.620000444E-3,2.4800003,,,,,-8.620000444E-3,2.5600002,
,,,-8.600000292E-3,2.5600002,,,,,-8.600000292E-3,2.5600002,
,,,-8.580001071E-3,2.5600002,,,,,-8.580001071E-3,2.4800003,
,,,-8.560000919E-3,2.5600002,,,,,-8.560000919E-3,2.6400001,
,,,-8.540000767E-3,2.5600002,,,,,-8.540000767E-3,2.4800003,
,,,-8.520000614E-3,2.4800003,,,,,-8.520000614E-3,2.4800003,
,,,-8.500000462E-3,2.5600002,,,,,-8.500000462E-3,2.4800003,
,,,-8.480000310E-3,2.5600002,,,,,-8.480000310E-3,2.4800003,
,,,-8.460001089E-3,2.5600002,,,,,-8.460001089E-3,2.4800003,
,,,-8.440000936E-3,2.4800003,,,,,-8.440000936E-3,2.5600002,
,,,-8.420000784E-3,2.5600002,,,,,-8.420000784E-3,2.6400001,
,,,-8.400000632E-3,2.6400001,,,,,-8.400000632E-3,2.4800003,
,,,-8.380000480E-3,2.4800003,,,,,-8.380000480E-3,2.4800003,
,,,-8.360000327E-3,2.5600002,,,,,-8.360000327E-3,2.5600002,
,,,-8.340001106E-3,2.5600002,,,,,-8.340001106E-3,2.5600002,
,,,-8.320000954E-3,2.5600002,,,,,-8.320000954E-3,2.4800003,
,,,-8.300000802E-3,2.5600002,,,,,-8.300000802E-3,2.5600002,
,,,-8.280000649E-3,2.4800003,,,,,-8.280000649E-3,2.4800003,
,,,-8.260000497E-3,2.4800003,,,,,-8.260000497E-3,2.4800003,
,,,-8.240000345E-3,2.5600002,,,,,-8.240000345E-3,2.5600002,
,,,-8.220001124E-3,2.5600002,,,,,-8.220001124E-3,2.6400001,
,,,-8.200000972E-3,2.4800003,,,,,-8.200000972E-3,2.5600002,
,,,-8.180000819E-3,2.4800003,,,,,-8.180000819E-3,2.5600002,
,,,-8.160000667E-3,2.4800003,,,,,-8.160000667E-3,2.5600002,
,,,-8.140000515E-3,2.5600002,,,,,-8.140000515E-3,2.4800003,
,,,-8.120000362E-3,2.5600002,,,,,-8.120000362E-3,2.4800003,
,,,-8.100001141E-3,2.4800003,,,,,-8.100001141E-3,2.4800003,
,,,-8.080000989E-3,2.4000001,,,,,-8.080000989E-3,2.5600002,
,,,-8.060000837E-3,2.5600002,,,,,-8.060000837E-3,2.5600002,
,,,-8.040000685E-3,2.5600002,,,,,-8.040000685E-3,2.5600002,
,,,-8.020000532E-3,2.4800003,,,,,-8.020000532E-3,2.5600002,
,,,-8.000000380E-3,2.5600002,,,,,-8.000000380E-3,2.4800003,
,,,-7.980001159E-3,2.5600002,,,,,-7.980001159E-3,2.4800003,
,,,-7.960001007E-3,2.4800003,,,,,-7.960001007E-3,2.4800003,
,,,-7.940000854E-3,2.5600002,,,,,-7.940000854E-3,2.4800003,
,,,-7.920000702E-3,2.4800003,,,,,-7.920000702E-3,2.5600002,
,,,-7.900000550E-3,2.5600002,,,,,-7.900000550E-3,2.5600002,
,,,-7.880000398E-3,2.5600002,,,,,-7.880000398E-3,2.5600002,
,,,-7.860001177E-3,2.4800003,,,,,-7.860001177E-3,2.5600002,
,,,-7.840001024E-3,2.5600002,,,,,-7.840001024E-3,2.5600002,
,,,-7.820000872E-3,2.4800003,,,,,-7.820000872E-3,2.4800003,
,,,-7.800000720E-3,2.4800003,,,,,-7.800000720E-3,2.5600002,
,,,-7.780000567E-3,2.4800003,,,,,-7.780000567E-3,2.5600002,
,,,-7.760000881E-3,2.4800003,,,,,-7.760000881E-3,2.5600002,
,,,-7.740000729E-3,2.5600002,,,,,-7.740000729E-3,2.6400001,
,,,-7.720000576E-3,2.4800003,,,,,-7.720000576E-3,2.5600002,
,,,-7.700000890E-3,2.4800003,,,,,-7.700000890E-3,2.4800003,
,,,-7.680000737E-3,2.4800003,,,,,-7.680000737E-3,2.5600002,
,,,-7.660000585E-3,2.4800003,,,,,-7.660000585E-3,2.4800003,
,,,-7.640000898E-3,2.5600002,,,,,-7.640000898E-3,2.4800003,
,,,-7.620000746E-3,2.5600002,,,,,-7.620000746E-3,2.5600002,
,,,-7.600000594E-3,2.4800003,,,,,-7.600000594E-3,2.4800003,
,,,-7.580000907E-3,2.4800003,,,,,-7.580000907E-3,2.5600002,
,,,-7.560000755E-3,2.5600002,,,,,-7.560000755E-3,2.4800003,
,,,-7.540000603E-3,2.4800003,,,,,-7.540000603E-3,2.5600002,
,,,-7.520000916E-3,2.5600002,,,,,-7.520000916E-3,2.4800003,
,,,-7.500000764E-3,2.4800003,,,,,-7.500000764E-3,2.4800003,
,,,-7.480000611E-3,2.5600002,,,,,-7.480000611E-3,2.5600002,
,,,-7.460000925E-3,2.4800003,,,,,-7.460000925E-3,2.6400001,
,,,-7.440000772E-3,2.5600002,,,,,-7.440000772E-3,2.5600002,
,,,-7.420000620E-3,2.4800003,,,,,-7.420000620E-3,2.5600002,
,,,-7.400000934E-3,-640.000045300E-3,,,,,-7.400000934E-3,-2.0000002,
,,,-7.38000078E-3,-720.000028610E-3,,,,,-7.38000078E-3,-2.0800002,
,,,-7.36000063E-3,-640.000045300E-3,,,,,-7.36000063E-3,-2.0800002,
,,,-7.34000094E-3,-640.000045300E-3,,,,,-7.34000094E-3,-2.0800002,
,,,-7.32000079E-3,-640.000045300E-3,,,,,-7.32000079E-3,-2.0800002,
,,,-7.30000064E-3,-640.000045300E-3,,,,,-7.30000064E-3,-2.0000002,
,,,-7.28000095E-3,-480.000019073E-3,,,,,-7.28000095E-3,-2.1600001,
,,,-7.26000080E-3,-640.000045300E-3,,,,,-7.26000080E-3,-2.1600001,
,,,-7.24000065E-3,-640.000045300E-3,,,,,-7.24000065E-3,-2.0800002,
,,,-7.22000096E-3,-640.000045300E-3,,,,,-7.22000096E-3,-2.1600001,
,,,-7.20000081E-3,-720.000028610E-3,,,,,-7.20000081E-3,-2.0800002,
,,,-7.18000066E-3,-640.000045300E-3,,,,,-7.18000066E-3,-2.0800002,
,,,-7.16000097E-3,-560.000061989E-3,,,,,-7.16000097E-3,-2.1600001,
,,,-7.14000082E-3,-720.000028610E-3,,,,,-7.14000082E-3,-2.0800002,
,,,-7.12000066E-3,-640.000045300E-3,,,,,-7.12000066E-3,-2.2400002,
,,,-7.10000098E-3,-720.000028610E-3,,,,,-7.10000098E-3,-2.0000002,
,,,-7.08000083E-3,-640.000045300E-3,,,,,-7.08000083E-3,-2.0800002,
,,,-7.06000067E-3,-560.000061989E-3,,,,,-7.06000067E-3,-2.1600001,
,,,-7.04000099E-3,-640.000045300E-3,,,,,-7.04000099E-3,-2.1600001,
,,,-7.02000083E-3,-720.000028610E-3,,,,,-7.02000083E-3,-2.1600001,
,,,-7.00000068E-3,-640.000045300E-3,,,,,-7.00000068E-3,-2.1600001,
,,,-6.98000100E-3,-560.000061989E-3,,,,,-6.98000100E-3,-2.0800002,
,,,-6.96000084E-3,-720.000028610E-3,,,,,-6.96000084E-3,-2.1600001,
,,,-6.94000069E-3,-640.000045300E-3,,,,,-6.94000069E-3,-2.0800002,
,,,-6.92000100E-3,-640.000045300E-3,,,,,-6.92000100E-3,-2.0800002,
,,,-6.90000085E-3,-560.000061989E-3,,,,,-6.90000085E-3,-2.0800002,
,,,-6.88000070E-3,-720.000028610E-3,,,,,-6.88000070E-3,-2.1600001,
,,,-6.86000101E-3,-640.000045300E-3,,,,,-6.86000101E-3,-2.2400002,
,,,-6.84000086E-3,-640.000045300E-3,,,,,-6.84000086E-3,-2.1600001,
,,,-6.82000071E-3,-640.000045300E-3,,,,,-6.82000071E-3,-2.0800002,
,,,-6.80000056E-3,-720.000028610E-3,,,,,-6.80000056E-3,-2.0800002,
,,,-6.78000087E-3,-640.000045300E-3,,,,,-6.78000087E-3,-2.0800002,
,,,-6.76000072E-3,-560.000061989E-3,,,,,-6.76000072E-3,-2.0800002,
,,,-6.74000056E-3,-640.000045300E-3,,,,,-6.74000056E-3,-2.0800002,
,,,-6.72000088E-3,-560.000061989E-3,,,,,-6.72000088E-3,-2.1600001,
,,,-6.70000073E-3,-640.000045300E-3,,,,,-6.70000073E-3,-2.0800002,
,,,-6.68000057E-3,-720.000028610E-3,,,,,-6.68000057E-3,-2.1600001,
,,,-6.66000089E-3,-640.000045300E-3,,,,,-6.66000089E-3,-2.1600001,
,,,-6.64000073E-3,-640.000045300E-3,,,,,-6.64000073E-3,-2.1600001,
,,,-6.62000058E-3,-560.000061989E-3,,,,,-6.62000058E-3,-2.0800002,
,,,-6.60000090E-3,-720.000028610E-3,,,,,-6.60000090E-3,-2.0800002,
,,,-6.58000074E-3,-640.000045300E-3,,,,,-6.58000074E-3,-2.0000002,
,,,-6.56000059E-3,-640.000045300E-3,,,,,-6.56000059E-3,-2.0800002,
,,,-6.54000090E-3,-640.000045300E-3,,,,,-6.54000090E-3,-2.1600001,
,,,-6.52000075E-3,-560.000061989E-3,,,,,-6.52000075E-3,-2.0800002,
,,,-6.50000060E-3,-560.000061989E-3,,,,,-6.50000060E-3,-2.0800002,
,,,-6.48000091E-3,-640.000045300E-3,,,,,-6.48000091E-3,-2.0800002,
,,,-6.46000076E-3,-560.000061989E-3,,,,,-6.46000076E-3,-2.1600001,
,,,-6.44000061E-3,-640.000045300E-3,,,,,-6.44000061E-3,-2.0800002,
,,,-6.42000092E-3,-560.000061989E-3,,,,,-6.42000092E-3,-2.1600001,
,,,-6.40000077E-3,-640.000045300E-3,,,,,-6.40000077E-3,-2.1600001,
,,,-6.38000062E-3,-560.000061989E-3,,,,,-6.38000062E-3,-2.0800002,
,,,-6.36000093E-3,-640.000045300E-3,,,,,-6.36000093E-3,-2.0800002,
,,,-6.34000078E-3,-640.000045300E-3,,,,,-6.34000078E-3,-2.0800002,
,,,-6.32000063E-3,-720.000028610E-3,,,,,-6.32000063E-3,-2.1600001,
,,,-6.30000094E-3,-640.000045300E-3,,,,,-6.30000094E-3,-2.0800002,
,,,-6.28000079E-3,-560.000061989E-3,,,,,-6.28000079E-3,-2.1600001,
,,,-6.26000063E-3,-560.000061989E-3,,,,,-6.26000063E-3,-2.1600001,
,,,-6.24000095E-3,-560.000061989E-3,,,,,-6.24000095E-3,-2.0800002,
,,,-6.22000080E-3,-640.000045300E-3,,,,,-6.22000080E-3,-2.0800002,
,,,-6.20000064E-3,-560.000061989E-3,,,,,-6.20000064E-3,-2.0800002,
,,,-6.18000096E-3,-640.000045300E-3,,,,,-6.18000096E-3,-2.1600001,
,,,-6.16000080E-3,-560.000061989E-3,,,,,-6.16000080E-3,-2.0800002,
,,,-6.14000065E-3,-640.000045300E-3,,,,,-6.14000065E-3,-2.0000002,
,,,-6.12000097E-3,-720.000028610E-3,,,,,-6.12000097E-3,-2.0800002,
,,,-6.10000081E-3,-640.000045300E-3,,,,,-6.10000081E-3,-2.1600001,
,,,-6.08000066E-3,-640.000045300E-3,,,,,-6.08000066E-3,-2.0800002,
,,,-6.06000097E-3,-560.000061989E-3,,,,,-6.06000097E-3,-2.0000002,
,,,-6.04000082E-3,-640.000045300E-3,,,,,-6.04000082E-3,-2.0800002,
,,,-6.02000067E-3,-640.000045300E-3,,,,,-6.02000067E-3,-2.0800002,
,,,-6.00000098E-3,-720.000028610E-3,,,,,-6.00000098E-3,-2.0000002,
,,,-5.98000083E-3,-640.000045300E-3,,,,,-5.98000083E-3,-2.0800002,
,,,-5.96000068E-3,-640.000045300E-3,,,,,-5.96000068E-3,-2.0800002,
,,,-5.94000099E-3,-640.000045300E-3,,,,,-5.94000099E-3,-2.1600001,
,,,-5.92000084E-3,-640.000045300E-3,,,,,-5.92000084E-3,-2.0800002,
,,,-5.90000069E-3,-640.000045300E-3,,,,,-5.90000069E-3,-2.0800002,
,,,-5.88000100E-3,-560.000061989E-3,,,,,-5.88000100E-3,-2.1600001,
,,,-5.86000085E-3,-560.000061989E-3,,,,,-5.86000085E-3,-2.1600001,
,,,-5.84000070E-3,-640.000045300E-3,,,,,-5.84000070E-3,-2.0800002,
,,,-5.82000101E-3,-640.000045300E-3,,,,,-5.82000101E-3,-2.0800002,
,,,-5.80000086E-3,-640.000045300E-3,,,,,-5.80000086E-3,-2.0800002,
,,,-5.78000071E-3,-640.000045300E-3,,,,,-5.78000071E-3,-2.0800002,
,,,-5.76000102E-3,-640.000045300E-3,,,,,-5.76000102E-3,-2.0800002,
,,,-5.74000087E-3,-560.000061989E-3,,,,,-5.74000087E-3,-2.0800002,
,,,-5.72000071E-3,-640.000045300E-3,,,,,-5.72000071E-3,-2.1600001,
,,,-5.70000103E-3,-640.000045300E-3,,,,,-5.70000103E-3,-2.0800002,
,,,-5.68000088E-3,-640.000045300E-3,,,,,-5.68000088E-3,-2.0000002,
,,,-5.66000072E-3,-720.000028610E-3,,,,,-5.66000072E-3,-2.1600001,
,,,-5.64000104E-3,-640.000045300E-3,,,,,-5.64000104E-3,-2.0000002,
,,,-5.62000088E-3,-720.000028610E-3,,,,,-5.62000088E-3,-2.0800002,
,,,-5.60000073E-3,-640.000045300E-3,,,,,-5.60000073E-3,-2.0800002,
,,,-5.58000105E-3,-640.000045300E-3,,,,,-5.58000105E-3,-2.1600001,
,,,-5.56000089E-3,-640.000045300E-3,,,,,-5.56000089E-3,-2.0000002,
,,,-5.54000074E-3,-640.000045300E-3,,,,,-5.54000074E-3,-2.1600001,
,,,-5.52000105E-3,-640.000045300E-3,,,,,-5.52000105E-3,-2.1600001,
,,,-5.50000090E-3,-720.000028610E-3,,,,,-5.50000090E-3,-2.0000002,
,,,-5.48000075E-3,-640.000045300E-3,,,,,-5.48000075E-3,-2.1600001,
,,,-5.46000060E-3,-560.000061989E-3,,,,,-5.46000060E-3,-2.0800002,
,,,-5.44000091E-3,-560.000061989E-3,,,,,-5.44000091E-3,-2.1600001,
,,,-5.42000076E-3,-640.000045300E-3,,,,,-5.42000076E-3,-2.1600001,
,,,-5.40000061E-3,-560.000061989E-3,,,,,-5.40000061E-3,-2.0800002,
,,,-5.38000092E-3,-720.000028610E-3,,,,,-5.38000092E-3,-2.0800002,
,,,-5.36000077E-3,-640.000045300E-3,,,,,-5.36000077E-3,-2.0800002,
,,,-5.34000061E-3,-640.000045300E-3,,,,,-5.34000061E-3,-2.1600001,
,,,-5.32000093E-3,-640.000045300E-3,,,,,-5.32000093E-3,-2.0800002,
,,,-5.30000078E-3,-640.000045300E-3,,,,,-5.30000078E-3,-2.1600001,
,,,-5.28000062E-3,-640.000045300E-3,,,,,-5.28000062E-3,-2.0800002,
,,,-5.26000094E-3,-640.000045300E-3,,,,,-5.26000094E-3,-2.0800002,
,,,-5.24000078E-3,-640.000045300E-3,,,,,-5.24000078E-3,-2.0800002,
,,,-5.22000063E-3,-640.000045300E-3,,,,,-5.22000063E-3,-2.0800002,
,,,-5.20000095E-3,-720.000028610E-3,,,,,-5.20000095E-3,-2.1600001,
,,,-5.18000079E-3,-640.000045300E-3,,,,,-5.18000079E-3,-2.0800002,
,,,-5.16000064E-3,-640.000045300E-3,,,,,-5.16000064E-3,-2.1600001,
,,,-5.14000095E-3,-640.000045300E-3,,,,,-5.14000095E-3,-2.0800002,
,,,-5.12000080E-3,-640.000045300E-3,,,,,-5.12000080E-3,-2.1600001,
,,,-5.10000065E-3,-640.000045300E-3,,,,,-5.10000065E-3,-2.1600001,
,,,-5.08000096E-3,-640.000045300E-3,,,,,-5.08000096E-3,-2.1600001,
,,,-5.06000081E-3,-640.000045300E-3,,,,,-5.06000081E-3,-2.0800002,
,,,-5.04000066E-3,-640.000045300E-3,,,,,-5.04000066E-3,-2.0800002,
,,,-5.02000097E-3,-720.000028610E-3,,,,,-5.02000097E-3,-2.1600001,
,,,-5.00000082E-3,-560.000061989E-3,,,,,-5.00000082E-3,-2.0800002,
,,,-4.98000067E-3,-560.000061989E-3,,,,,-4.98000067E-3,-2.1600001,
,,,-4.96000098E-3,-640.000045300E-3,,,,,-4.96000098E-3,-2.0800002,
,,,-4.94000083E-3,-720.000028610E-3,,,,,-4.94000083E-3,-2.0800002,
,,,-4.92000068E-3,-720.000028610E-3,,,,,-4.92000068E-3,-2.0800002,
,,,-4.90000099E-3,-480.000019073E-3,,,,,-4.90000099E-3,-2.1600001,
,,,-4.88000084E-3,-640.000045300E-3,,,,,-4.88000084E-3,-2.0800002,
,,,-4.86000068E-3,-640.000045300E-3,,,,,-4.86000068E-3,-2.0800002,
,,,-4.84000100E-3,-640.000045300E-3,,,,,-4.84000100E-3,-2.1600001,
,,,-4.82000085E-3,-640.000045300E-3,,,,,-4.82000085E-3,-2.0800002,
,,,-4.80000069E-3,-560.000061989E-3,,,,,-4.80000069E-3,-2.0800002,
,,,-4.78000101E-3,-640.000045300E-3,,,,,-4.78000101E-3,-2.2400002,
,,,-4.76000085E-3,-560.000061989E-3,,,,,-4.76000085E-3,-2.0800002,
,,,-4.74000070E-3,-640.000045300E-3,,,,,-4.74000070E-3,-2.0800002,
,,,-4.72000102E-3,-720.000028610E-3,,,,,-4.72000102E-3,-2.1600001,
,,,-4.70000086E-3,-640.000045300E-3,,,,,-4.70000086E-3,-2.1600001,
,,,-4.68000071E-3,-640.000045300E-3,,,,,-4.68000071E-3,-2.1600001,
,,,-4.66000102E-3,-640.000045300E-3,,,,,-4.66000102E-3,-2.0800002,
,,,-4.64000087E-3,-560.000061989E-3,,,,,-4.64000087E-3,-2.0000002,
,,,-4.62000072E-3,-720.000028610E-3,,,,,-4.62000072E-3,-2.1600001,
,,,-4.60000103E-3,-720.000028610E-3,,,,,-4.60000103E-3,-2.0800002,
,,,-4.58000088E-3,-640.000045300E-3,,,,,-4.58000088E-3,-2.1600001,
,,,-4.56000073E-3,-720.000028610E-3,,,,,-4.56000073E-3,-2.1600001,
,,,-4.54000104E-3,-720.000028610E-3,,,,,-4.54000104E-3,-2.1600001,
,,,-4.52000089E-3,-560.000061989E-3,,,,,-4.52000089E-3,-2.0800002,
,,,-4.50000074E-3,-640.000045300E-3,,,,,-4.50000074E-3,-2.0800002,
,,,-4.48000105E-3,-640.000045300E-3,,,,,-4.48000105E-3,-2.1600001,
,,,-4.46000090E-3,-720.000028610E-3,,,,,-4.46000090E-3,-2.0800002,
,,,-4.44000075E-3,-560.000061989E-3,,,,,-4.44000075E-3,-2.1600001,
,,,-4.42000106E-3,-560.000061989E-3,,,,,-4.42000106E-3,-2.0800002,
,,,-4.40000091E-3,-560.000061989E-3,,,,,-4.40000091E-3,-2.0800002,
,,,-4.38000076E-3,-560.000061989E-3,,,,,-4.38000076E-3,-2.1600001,
,,,-4.36000107E-3,-560.000061989E-3,,,,,-4.36000107E-3,-2.0800002,
,,,-4.34000092E-3,-640.000045300E-3,,,,,-4.34000092E-3,-2.0800002,
,,,-4.32000076E-3,-640.000045300E-3,,,,,-4.32000076E-3,-2.0800002,
,,,-4.30000108E-3,-640.000045300E-3,,,,,-4.30000108E-3,-2.0800002,
,,,-4.28000093E-3,-720.000028610E-3,,,,,-4.28000093E-3,-2.0800002,
,,,-4.26000077E-3,-640.000045300E-3,,,,,-4.26000077E-3,-2.1600001,
,,,-4.24000062E-3,-800.000071526E-3,,,,,-4.24000062E-3,-2.1600001,
,,,-4.22000093E-3,-560.000061989E-3,,,,,-4.22000093E-3,-2.0800002,
,,,-4.20000078E-3,-640.000045300E-3,,,,,-4.20000078E-3,-2.1600001,
,,,-4.18000063E-3,-640.000045300E-3,,,,,-4.18000063E-3,-2.1600001,
,,,-4.16000094E-3,-720.000028610E-3,,,,,-4.16000094E-3,-2.1600001,
,,,-4.14000079E-3,-640.000045300E-3,,,,,-4.14000079E-3,-2.1600001,
,,,-4.12000064E-3,-640.000045300E-3,,,,,-4.12000064E-3,-2.1600001,
,,,-4.10000095E-3,-560.000061989E-3,,,,,-4.10000095E-3,-2.0800002,
,,,-4.08000080E-3,-640.000045300E-3,,,,,-4.08000080E-3,-2.2400002,
,,,-4.06000065E-3,-640.000045300E-3,,,,,-4.06000065E-3,-2.0800002,
,,,-4.04000096E-3,-640.000045300E-3,,,,,-4.04000096E-3,-2.0800002,
,,,-4.02000081E-3,-560.000061989E-3,,,,,-4.02000081E-3,-2.1600001,
,,,-4.00000066E-3,-640.000045300E-3,,,,,-4.00000066E-3,-2.0800002,
,,,-3.98000097E-3,-720.000028610E-3,,,,,-3.98000097E-3,-2.1600001,
,,,-3.96000082E-3,-640.000045300E-3,,,,,-3.96000082E-3,-2.0800002,
,,,-3.94000066E-3,-640.000045300E-3,,,,,-3.94000066E-3,-2.1600001,
,,,-3.92000098E-3,-560.000061989E-3,,,,,-3.92000098E-3,-2.0800002,
,,,-3.90000083E-3,-720.000028610E-3,,,,,-3.90000083E-3,-2.2400002,
,,,-3.88000091E-3,-640.000045300E-3,,,,,-3.88000091E-3,-2.1600001,
,,,-3.86000075E-3,-640.000045300E-3,,,,,-3.86000075E-3,-2.0800002,
,,,-3.84000083E-3,-640.000045300E-3,,,,,-3.84000083E-3,-2.1600001,
,,,-3.82000091E-3,-640.000045300E-3,,,,,-3.82000091E-3,-2.0000002,
,,,-3.80000076E-3,-640.000045300E-3,,,,,-3.80000076E-3,-2.1600001,
,,,-3.78000084E-3,-640.000045300E-3,,,,,-3.78000084E-3,-2.1600001,
,,,-3.76000092E-3,-640.000045300E-3,,,,,-3.76000092E-3,-2.2400002,
,,,-3.74000077E-3,-720.000028610E-3,,,,,-3.74000077E-3,-2.0000002,
,,,-3.72000085E-3,-720.000028610E-3,,,,,-3.72000085E-3,-2.0800002,
,,,-3.70000093E-3,-640.000045300E-3,,,,,-3.70000093E-3,-2.0800002,
,,,-3.68000078E-3,-720.000028610E-3,,,,,-3.68000078E-3,-2.1600001,
,,,-3.66000086E-3,-640.000045300E-3,,,,,-3.66000086E-3,-2.1600001,
,,,-3.64000094E-3,-640.000045300E-3,,,,,-3.64000094E-3,-2.1600001,
,,,-3.62000079E-3,-720.000028610E-3,,,,,-3.62000079E-3,-2.0800002,
,,,-3.60000087E-3,-640.000045300E-3,,,,,-3.60000087E-3,-2.0800002,
,,,-3.58000095E-3,-720.000028610E-3,,,,,-3.58000095E-3,-2.1600001,
,,,-3.56000080E-3,-640.000045300E-3,,,,,-3.56000080E-3,-2.0800002,
,,,-3.54000088E-3,-720.000028610E-3,,,,,-3.54000088E-3,-2.1600001,
,,,-3.52000096E-3,-640.000045300E-3,,,,,-3.52000096E-3,-2.0800002,
,,,-3.50000081E-3,-640.000045300E-3,,,,,-3.50000081E-3,-2.1600001,
,,,-3.48000089E-3,-640.000045300E-3,,,,,-3.48000089E-3,-2.0800002,
,,,-3.46000097E-3,-640.000045300E-3,,,,,-3.46000097E-3,-2.1600001,
,,,-3.44000082E-3,-720.000028610E-3,,,,,-3.44000082E-3,-2.1600001,
,,,-3.42000090E-3,-800.000071526E-3,,,,,-3.42000090E-3,-2.0800002,
,,,-3.40000098E-3,-720.000028610E-3,,,,,-3.40000098E-3,-2.1600001,
,,,-3.38000082E-3,-640.000045300E-3,,,,,-3.38000082E-3,-2.1600001,
,,,-3.36000090E-3,-640.000045300E-3,,,,,-3.36000090E-3,-2.1600001,
,,,-3.34000099E-3,-640.000045300E-3,,,,,-3.34000099E-3,-2.0800002,
,,,-3.32000083E-3,-720.000028610E-3,,,,,-3.32000083E-3,-2.0800002,
,,,-3.30000091E-3,-640.000045300E-3,,,,,-3.30000091E-3,-2.0800002,
,,,-3.28000076E-3,-640.000045300E-3,,,,,-3.28000076E-3,-2.0800002,
,,,-3.26000084E-3,-640.000045300E-3,,,,,-3.26000084E-3,-2.0800002,
,,,-3.24000092E-3,-640.000045300E-3,,,,,-3.24000092E-3,-2.0800002,
,,,-3.22000077E-3,-640.000045300E-3,,,,,-3.22000077E-3,-2.0800002,
,,,-3.20000085E-3,-800.000071526E-3,,,,,-3.20000085E-3,-2.0800002,
,,,-3.18000093E-3,-720.000028610E-3,,,,,-3.18000093E-3,-2.0800002,
,,,-3.16000078E-3,-720.000028610E-3,,,,,-3.16000078E-3,-2.0800002,
,,,-3.14000086E-3,-560.000061989E-3,,,,,-3.14000086E-3,-2.0000002,
,,,-3.12000094E-3,-640.000045300E-3,,,,,-3.12000094E-3,-2.0800002,
,,,-3.10000079E-3,-640.000045300E-3,,,,,-3.10000079E-3,-2.0800002,
,,,-3.08000087E-3,-720.000028610E-3,,,,,-3.08000087E-3,-2.0000002,
,,,-3.06000095E-3,-560.000061989E-3,,,,,-3.06000095E-3,-2.0800002,
,,,-3.04000080E-3,-640.000045300E-3,,,,,-3.04000080E-3,-2.1600001,
,,,-3.02000088E-3,-720.000028610E-3,,,,,-3.02000088E-3,-2.0800002,
,,,-3.00000096E-3,-640.000045300E-3,,,,,-3.00000096E-3,-2.0800002,
,,,-2.98000081E-3,-640.000045300E-3,,,,,-2.98000081E-3,-2.0800002,
,,,-2.96000089E-3,-720.000028610E-3,,,,,-2.96000089E-3,-2.1600001,
,,,-2.94000097E-3,-640.000045300E-3,,,,,-2.94000097E-3,-2.1600001,
,,,-2.92000081E-3,-720.000028610E-3,,,,,-2.92000081E-3,-2.0800002,
,,,-2.90000089E-3,-720.000028610E-3,,,,,-2.90000089E-3,-2.1600001,
,,,-2.88000097E-3,-640.000045300E-3,,,,,-2.88000097E-3,-2.0800002,
,,,-2.86000082E-3,-560.000061989E-3,,,,,-2.86000082E-3,-2.1600001,
,,,-2.84000090E-3,-640.000045300E-3,,,,,-2.84000090E-3,-2.1600001,
,,,-2.82000098E-3,-720.000028610E-3,,,,,-2.82000098E-3,-2.0000002,
,,,-2.80000083E-3,-560.000061989E-3,,,,,-2.80000083E-3,-2.0800002,
,,,-2.78000091E-3,-640.000045300E-3,,,,,-2.78000091E-3,-2.0800002,
,,,-2.76000099E-3,-640.000045300E-3,,,,,-2.76000099E-3,-2.1600001,
,,,-2.74000084E-3,-720.000028610E-3,,,,,-2.74000084E-3,-2.1600001,
,,,-2.72000092E-3,-560.000061989E-3,,,,,-2.72000092E-3,-2.0800002,
,,,-2.7000010E-3,-720.000028610E-3,,,,,-2.7000010E-3,-2.0800002,
,,,-2.6800008E-3,-640.000045300E-3,,,,,-2.6800008E-3,-2.0800002,
,,,-2.6600009E-3,-640.000045300E-3,,,,,-2.6600009E-3,-2.1600001,
,,,-2.6400010E-3,-640.000045300E-3,,,,,-2.6400010E-3,-2.1600001,
,,,-2.6200009E-3,-640.000045300E-3,,,,,-2.6200009E-3,-2.0800002,
,,,-2.6000009E-3,-640.000045300E-3,,,,,-2.6000009E-3,-2.0800002,
,,,-2.5800008E-3,-720.000028610E-3,,,,,-2.5800008E-3,-2.0000002,
,,,-2.5600009E-3,-720.000028610E-3,,,,,-2.5600009E-3,-2.0800002,
,,,-2.5400009E-3,-640.000045300E-3,,,,,-2.5400009E-3,-2.0800002,
,,,-2.5200008E-3,-720.000028610E-3,,,,,-2.5200008E-3,-2.0800002,
,,,-2.5000009E-3,-720.000028610E-3,,,,,-2.5000009E-3,-2.1600001,
,,,-2.4800010E-3,-640.000045300E-3,,,,,-2.4800010E-3,-2.0800002,
,,,-2.4600008E-3,-640.000045300E-3,,,,,-2.4600008E-3,-2.0800002,
,,,-2.4400009E-3,-640.000045300E-3,,,,,-2.4400009E-3,-2.0800002,
,,,-2.4200010E-3,-720.000028610E-3,,,,,-2.4200010E-3,-2.1600001,
,,,-2.4000008E-3,-720.000028610E-3,,,,,-2.4000008E-3,-2.1600001,
,,,-2.3800009E-3,-560.000061989E-3,,,,,-2.3800009E-3,-2.1600001,
,,,-2.3600010E-3,-720.000028610E-3,,,,,-2.3600010E-3,-2.0800002,
,,,-2.3400008E-3,-640.000045300E-3,,,,,-2.3400008E-3,-2.1600001,
,,,-2.3200009E-3,-640.000045300E-3,,,,,-2.3200009E-3,-2.1600001,
,,,-2.3000010E-3,-640.000045300E-3,,,,,-2.3000010E-3,-2.1600001,
,,,-2.2800008E-3,-640.000045300E-3,,,,,-2.2800008E-3,-2.0000002,
,,,-2.2600009E-3,-560.000061989E-3,,,,,-2.2600009E-3,-2.1600001,
,,,-2.2400010E-3,-720.000028610E-3,,,,,-2.2400010E-3,-2.0800002,
,,,-2.2200008E-3,-640.000045300E-3,,,,,-2.2200008E-3,-2.1600001,
,,,-2.2000009E-3,-640.000045300E-3,,,,,-2.2000009E-3,-2.0800002,
,,,-2.1800010E-3,-640.000045300E-3,,,,,-2.1800010E-3,-2.0800002,
,,,-2.1600008E-3,-640.000045300E-3,,,,,-2.1600008E-3,-2.1600001,
,,,-2.1400009E-3,-560.000061989E-3,,,,,-2.1400009E-3,-2.1600001,
,,,-2.1200010E-3,-640.000045300E-3,,,,,-2.1200010E-3,-2.0800002,
,,,-2.1000009E-3,-640.000045300E-3,,,,,-2.1000009E-3,-2.0000002,
,,,-2.0800009E-3,-640.000045300E-3,,,,,-2.0800009E-3,-2.0800002,
,,,-2.0600010E-3,-640.000045300E-3,,,,,-2.0600010E-3,-2.1600001,
,,,-2.0400009E-3,-720.000028610E-3,,,,,-2.0400009E-3,-2.1600001,
,,,-2.0200009E-3,-640.000045300E-3,,,,,-2.0200009E-3,-2.1600001,
,,,-2.0000008E-3,-560.000061989E-3,,,,,-2.0000008E-3,-2.0800002,
,,,-1.9800009E-3,-640.000045300E-3,,,,,-1.9800009E-3,-2.0800002,
,,,-1.9600010E-3,-640.000045300E-3,,,,,-1.9600010E-3,-2.2400002,
,,,-1.9400009E-3,-640.000045300E-3,,,,,-1.9400009E-3,-2.0000002,
,,,-1.9200009E-3,-560.000061989E-3,,,,,-1.9200009E-3,-2.0800002,
,,,-1.9000010E-3,-560.000061989E-3,,,,,-1.9000010E-3,-2.1600001,
,,,-1.8800009E-3,-640.000045300E-3,,,,,-1.8800009E-3,-2.0800002,
,,,-1.8600009E-3,-720.000028610E-3,,,,,-1.8600009E-3,-2.0800002,
,,,-1.8400010E-3,-640.000045300E-3,,,,,-1.8400010E-3,-2.0800002,
,,,-1.8200009E-3,-640.000045300E-3,,,,,-1.8200009E-3,-2.0000002,
,,,-1.8000009E-3,-720.000028610E-3,,,,,-1.8000009E-3,-2.0800002,
,,,-1.7800009E-3,-560.000061989E-3,,,,,-1.7800009E-3,-2.1600001,
,,,-1.7600009E-3,-720.000028610E-3,,,,,-1.7600009E-3,-2.1600001,
,,,-1.7400009E-3,-640.000045300E-3,,,,,-1.7400009E-3,-2.0800002,
,,,-1.7200009E-3,-640.000045300E-3,,,,,-1.7200009E-3,-2.1600001,
,,,-1.7000010E-3,-560.000061989E-3,,,,,-1.7000010E-3,-2.1600001,
,,,-1.6800009E-3,-640.000045300E-3,,,,,-1.6800009E-3,-2.0800002,
,,,-1.6600009E-3,-640.000045300E-3,,,,,-1.6600009E-3,-2.0800002,
,,,-1.6400010E-3,-640.000045300E-3,,,,,-1.6400010E-3,-2.0800002,
,,,-1.6200009E-3,-720.000028610E-3,,,,,-1.6200009E-3,-2.0800002,
,,,-1.6000009E-3,-560.000061989E-3,,,,,-1.6000009E-3,-2.1600001,
,,,-1.5800010E-3,-720.000028610E-3,,,,,-1.5800010E-3,-2.0800002,
,,,-1.5600009E-3,-640.000045300E-3,,,,,-1.5600009E-3,-2.0800002,
,,,-1.5400009E-3,-640.000045300E-3,,,,,-1.5400009E-3,-2.1600001,
,,,-1.5200009E-3,-640.000045300E-3,,,,,-1.5200009E-3,-2.0000002,
,,,-1.5000009E-3,-640.000045300E-3,,,,,-1.5000009E-3,-2.2400002,
,,,-1.4800009E-3,-640.000045300E-3,,,,,-1.4800009E-3,-2.1600001,
,,,-1.4600009E-3,-640.000045300E-3,,,,,-1.4600009E-3,-2.0800002,
,,,-1.4400010E-3,-720.000028610E-3,,,,,-1.4400010E-3,-2.0800002,
,,,-1.4200009E-3,-560.000061989E-3,,,,,-1.4200009E-3,-2.1600001,
,,,-1.4000009E-3,-640.000045300E-3,,,,,-1.4000009E-3,-2.0800002,
,,,-1.3800010E-3,-640.000045300E-3,,,,,-1.3800010E-3,-2.0800002,
,,,-1.3600009E-3,-640.000045300E-3,,,,,-1.3600009E-3,-2.0800002,
,,,-1.3400009E-3,-720.000028610E-3,,,,,-1.3400009E-3,-2.0800002,
,,,-1.3200010E-3,-640.000045300E-3,,,,,-1.3200010E-3,-2.1600001,
,,,-1.3000009E-3,-640.000045300E-3,,,,,-1.3000009E-3,-2.0800002,
,,,-1.2800009E-3,-640.000045300E-3,,,,,-1.2800009E-3,-2.1600001,
,,,-1.2600010E-3,-640.000045300E-3,,,,,-1.2600010E-3,-2.1600001,
,,,-1.2400009E-3,-640.000045300E-3,,,,,-1.2400009E-3,-2.0000002,
,,,-1.2200009E-3,-640.000045300E-3,,,,,-1.2200009E-3,-2.0800002,
,,,-1.2000010E-3,-560.000061989E-3,,,,,-1.2000010E-3,-2.1600001,
,,,-1.1800010E-3,-640.000045300E-3,,,,,-1.1800010E-3,-2.1600001,
,,,-1.1600009E-3,-720.000028610E-3,,,,,-1.1600009E-3,-2.1600001,
,,,-1.1400009E-3,-640.000045300E-3,,,,,-1.1400009E-3,-2.0000002,
,,,-1.1200010E-3,-640.000045300E-3,,,,,-1.1200010E-3,-2.0000002,
,,,-1.1000009E-3,-640.000045300E-3,,,,,-1.1000009E-3,-2.1600001,
,,,-1.0800009E-3,-640.000045300E-3,,,,,-1.0800009E-3,-2.1600001,
,,,-1.0600010E-3,-560.000061989E-3,,,,,-1.0600010E-3,-2.1600001,
,,,-1.0400009E-3,-640.000045300E-3,,,,,-1.0400009E-3,-2.0800002,
,,,-1.0200009E-3,-560.000061989E-3,,,,,-1.0200009E-3,-2.0800002,
,,,-1.0000010E-3,-720.000028610E-3,,,,,-1.0000010E-3,-2.0800002,
,,,-980.000942945E-6,-720.000028610E-3,,,,,-980.000942945E-6,-2.0800002,
,,,-960.000907071E-6,-640.000045300E-3,,,,,-960.000907071E-6,-2.1600001,
,,,-940.000929404E-6,-640.000045300E-3,,,,,-940.000929404E-6,-2.0800002,
,,,-920.000951737E-6,-640.000045300E-3,,,,,-920.000951737E-6,-2.0800002,
,,,-900.000915863E-6,-720.000028610E-3,,,,,-900.000915863E-6,-2.0800002,
,,,-880.000938196E-6,-560.000061989E-3,,,,,-880.000938196E-6,-2.0000002,
,,,-860.000960529E-6,-640.000045300E-3,,,,,-860.000960529E-6,-2.0800002,
,,,-840.000924654E-6,-640.000045300E-3,,,,,-840.000924654E-6,-2.0800002,
,,,-820.000946987E-6,-560.000061989E-3,,,,,-820.000946987E-6,-2.0800002,
,,,-800.000969321E-6,-640.000045300E-3,,,,,-800.000969321E-6,-2.0800002,
,,,-780.000933446E-6,-640.000045300E-3,,,,,-780.000933446E-6,-2.1600001,
,,,-760.000955779E-6,-640.000045300E-3,,,,,-760.000955779E-6,-2.0800002,
,,,-740.000919905E-6,-800.000071526E-3,,,,,-740.000919905E-6,-2.1600001,
,,,-720.000942238E-6,-640.000045300E-3,,,,,-720.000942238E-6,-2.0800002,
,,,-700.000964571E-6,-640.000045300E-3,,,,,-700.000964571E-6,-2.1600001,
,,,-680.000928696E-6,-640.000045300E-3,,,,,-680.000928696E-6,-2.0800002,
,,,-660.000951029E-6,-640.000045300E-3,,,,,-660.000951029E-6,-2.1600001,
,,,-640.000915155E-6,-720.000028610E-3,,,,,-640.000915155E-6,-2.1600001,
,,,-620.000937488E-6,-720.000028610E-3,,,,,-620.000937488E-6,-2.0800002,
,,,-600.000959821E-6,-720.000028610E-3,,,,,-600.000959821E-6,-2.0800002,
,,,-580.000923946E-6,-560.000061989E-3,,,,,-580.000923946E-6,-2.0800002,
,,,-560.000946280E-6,-640.000045300E-3,,,,,-560.000946280E-6,-2.0000002,
,,,-540.000968613E-6,-720.000028610E-3,,,,,-540.000968613E-6,-2.0800002,
,,,-520.000932738E-6,-640.000045300E-3,,,,,-520.000932738E-6,-2.0800002,
,,,-500.000955071E-6,-640.000045300E-3,,,,,-500.000955071E-6,-2.0000002,
,,,-480.000948301E-6,-560.000061989E-3,,,,,-480.000948301E-6,-2.0000002,
,,,-460.000941530E-6,-640.000045300E-3,,,,,-460.000941530E-6,-2.1600001,
,,,-440.000963863E-6,-640.000045300E-3,,,,,-440.000963863E-6,-2.0800002,
,,,-420.000957092E-6,-720.000028610E-3,,,,,-420.000957092E-6,-2.0800002,
,,,-400.00095032E-6,-640.000045300E-3,,,,,-400.00095032E-6,-2.1600001,
,,,-380.00094355E-6,-720.000028610E-3,,,,,-380.00094355E-6,-2.0800002,
,,,-360.00093678E-6,-560.000061989E-3,,,,,-360.00093678E-6,-2.0800002,
,,,-340.00095911E-6,-640.000045300E-3,,,,,-340.00095911E-6,-2.0800002,
,,,-320.00095234E-6,-640.000045300E-3,,,,,-320.00095234E-6,-2.0800002,
,,,-300.00094557E-6,-640.000045300E-3,,,,,-300.00094557E-6,-2.0800002,
,,,-280.00096790E-6,-720.000028610E-3,,,,,-280.00096790E-6,-2.1600001,
,,,-260.00096113E-6,-720.000028610E-3,,,,,-260.00096113E-6,-2.0800002,
,,,-240.00095436E-6,-560.000061989E-3,,,,,-240.00095436E-6,-2.1600001,
,,,-220.00094759E-6,-720.000028610E-3,,,,,-220.00094759E-6,-2.0000002,
,,,-200.00095537E-6,-640.000045300E-3,,,,,-200.00095537E-6,-2.0800002,
,,,-180.00096316E-6,-720.000028610E-3,,,,,-180.00096316E-6,-2.0800002,
,,,-160.00095638E-6,-560.000061989E-3,,,,,-160.00095638E-6,-2.0800002,
,,,-140.0009496E-6,-640.000045300E-3,,,,,-140.0009496E-6,-2.0800002,
,,,-120.0009574E-6,-800.000071526E-3,,,,,-120.0009574E-6,-2.0000002,
,,,-100.0009579E-6,-640.000045300E-3,,,,,-100.0009579E-6,-2.1600001,
,,,-80.000958405E-6,-640.000045300E-3,,,,,-80.000958405E-6,-2.1600001,
,,,-60.000958911E-6,-720.000028610E-3,,,,,-60.000958911E-6,-2.0800002,
,,,-40.00095942E-6,-560.000061989E-3,,,,,-40.00095942E-6,-2.1600001,
,,,-20.0009599E-6,-640.000045300E-3,,,,,-20.0009599E-6,-2.1600001,
,,,-960.426401138E-12,2.4800003,,,,,-960.426401138E-12,2.4800003,
,,,19.9990391E-6,2.4800003,,,,,19.9990391E-6,2.5600002,
,,,39.99903856E-6,2.5600002,,,,,39.99903856E-6,2.4800003,
,,,59.999038058E-6,2.4800003,,,,,59.999038058E-6,2.5600002,
,,,79.999037553E-6,2.5600002,,,,,79.999037553E-6,2.4800003,
,,,99.999037047E-6,2.5600002,,,,,99.999037047E-6,2.5600002,
,,,119.9990365E-6,2.5600002,,,,,119.9990365E-6,2.4800003,
,,,139.9990288E-6,2.5600002,,,,,139.9990288E-6,2.4000001,
,,,159.99903553E-6,2.4800003,,,,,159.99903553E-6,2.5600002,
,,,179.99904230E-6,2.5600002,,,,,179.99904230E-6,2.5600002,
,,,199.99903452E-6,2.5600002,,,,,199.99903452E-6,2.5600002,
,,,219.99902674E-6,2.4800003,,,,,219.99902674E-6,2.5600002,
,,,239.99903351E-6,2.4800003,,,,,239.99903351E-6,2.4800003,
,,,259.99904028E-6,2.4800003,,,,,259.99904028E-6,2.5600002,
,,,279.99904705E-6,2.5600002,,,,,279.99904705E-6,2.4800003,
,,,299.99902472E-6,2.4000001,,,,,299.99902472E-6,2.4800003,
,,,319.99903149E-6,2.4800003,,,,,319.99903149E-6,2.4800003,
,,,339.99903826E-6,2.5600002,,,,,339.99903826E-6,2.5600002,
,,,359.99901593E-6,2.5600002,,,,,359.99901593E-6,2.5600002,
,,,379.99902270E-6,2.5600002,,,,,379.99902270E-6,2.4800003,
,,,399.99902947E-6,2.4000001,,,,,399.99902947E-6,2.6400001,
,,,419.999036239E-6,2.5600002,,,,,419.999036239E-6,2.4800003,
,,,439.999043010E-6,2.5600002,,,,,439.999043010E-6,2.5600002,
,,,459.999020677E-6,2.4800003,,,,,459.999020677E-6,2.4800003,
,,,479.999027448E-6,2.4800003,,,,,479.999027448E-6,2.6400001,
,,,499.999034218E-6,2.6400001,,,,,499.999034218E-6,2.5600002,
,,,519.999011885E-6,2.5600002,,,,,519.999011885E-6,2.5600002,
,,,539.999047760E-6,2.5600002,,,,,539.999047760E-6,2.4800003,
,,,559.999025427E-6,2.4800003,,,,,559.999025427E-6,2.4800003,
,,,579.999003094E-6,2.4800003,,,,,579.999003094E-6,2.5600002,
,,,599.999038968E-6,2.5600002,,,,,599.999038968E-6,2.5600002,
,,,619.999016635E-6,2.5600002,,,,,619.999016635E-6,2.4800003,
,,,639.999052510E-6,2.5600002,,,,,639.999052510E-6,2.4800003,
,,,659.999030177E-6,2.5600002,,,,,659.999030177E-6,2.4800003,
,,,679.999007843E-6,2.5600002,,,,,679.999007843E-6,2.4800003,
,,,699.999043718E-6,2.5600002,,,,,699.999043718E-6,2.5600002,
,,,719.999021385E-6,2.4800003,,,,,719.999021385E-6,2.4800003,
,,,739.998999052E-6,2.5600002,,,,,739.998999052E-6,2.5600002,
,,,759.999034926E-6,2.4800003,,,,,759.999034926E-6,2.6400001,
,,,779.999012593E-6,2.4800003,,,,,779.999012593E-6,2.4800003,
,,,799.998990260E-6,2.5600002,,,,,799.998990260E-6,2.5600002,
,,,819.999026135E-6,2.4800003,,,,,819.999026135E-6,2.4800003,
,,,839.999003801E-6,2.5600002,,,,,839.999003801E-6,2.5600002,
,,,859.999039676E-6,2.5600002,,,,,859.999039676E-6,2.4800003,
,,,879.999017343E-6,2.4800003,,,,,879.999017343E-6,2.5600002,
,,,899.998995010E-6,2.5600002,,,,,899.998995010E-6,2.5600002,
,,,919.999030884E-6,2.4000001,,,,,919.999030884E-6,2.4800003,
,,,939.999008551E-6,2.4800003,,,,,939.999008551E-6,2.5600002,
,,,959.999044426E-6,2.4800003,,,,,959.999044426E-6,2.5600002,
,,,979.998963885E-6,2.4800003,,,,,979.998963885E-6,2.4800003,
,,,999.998999760E-6,2.4800003,,,,,999.998999760E-6,2.5600002,
,,,1.0199990E-3,2.6400001,,,,,1.0199990E-3,2.4800003,
,,,1.0399991E-3,2.4800003,,,,,1.0399991E-3,2.5600002,
,,,1.0599990E-3,2.4800003,,,,,1.0599990E-3,2.4800003,
,,,1.0799990E-3,2.5600002,,,,,1.0799990E-3,2.4000001,
,,,1.0999991E-3,2.4000001,,,,,1.0999991E-3,2.4800003,
,,,1.1199990E-3,2.4800003,,,,,1.1199990E-3,2.4800003,
,,,1.1399990E-3,2.4800003,,,,,1.1399990E-3,2.5600002,
,,,1.1599991E-3,2.5600002,,,,,1.1599991E-3,2.4800003,
,,,1.1799990E-3,2.4800003,,,,,1.1799990E-3,2.4800003,
,,,1.1999990E-3,2.4800003,,,,,1.1999990E-3,2.4800003,
,,,1.2199990E-3,2.5600002,,,,,1.2199990E-3,2.4800003,
,,,1.2399990E-3,2.5600002,,,,,1.2399990E-3,2.4800003,
,,,1.2599990E-3,2.5600002,,,,,1.2599990E-3,2.5600002,
,,,1.2799990E-3,2.4800003,,,,,1.2799990E-3,2.4800003,
,,,1.2999990E-3,2.5600002,,,,,1.2999990E-3,2.4800003,
,,,1.3199990E-3,2.4000001,,,,,1.3199990E-3,2.6400001,
,,,1.3399990E-3,2.4800003,,,,,1.3399990E-3,2.4800003,
,,,1.3599989E-3,2.4800003,,,,,1.3599989E-3,2.4800003,
,,,1.3799990E-3,2.4800003,,,,,1.3799990E-3,2.4800003,
,,,1.3999990E-3,2.4800003,,,,,1.3999990E-3,2.5600002,
,,,1.4199991E-3,2.4800003,,,,,1.4199991E-3,2.5600002,
,,,1.4399990E-3,2.4800003,,,,,1.4399990E-3,2.4800003,
,,,1.4599990E-3,2.5600002,,,,,1.4599990E-3,2.5600002,
,,,1.4799990E-3,2.5600002,,,,,1.4799990E-3,2.6400001,
,,,1.4999990E-3,2.4800003,,,,,1.4999990E-3,2.4800003,
,,,1.5199990E-3,2.5600002,,,,,1.5199990E-3,2.4800003,
,,,1.5399990E-3,2.5600002,,,,,1.5399990E-3,2.5600002,
,,,1.5599990E-3,2.4800003,,,,,1.5599990E-3,2.5600002,
,,,1.5799990E-3,2.5600002,,,,,1.5799990E-3,2.5600002,
,,,1.5999990E-3,2.5600002,,,,,1.5999990E-3,2.4800003,
,,,1.6199989E-3,2.5600002,,,,,1.6199989E-3,2.5600002,
,,,1.6399990E-3,2.4800003,,,,,1.6399990E-3,2.6400001,
,,,1.6599990E-3,2.4800003,,,,,1.6599990E-3,2.4000001,
,,,1.6799991E-3,2.4800003,,,,,1.6799991E-3,2.6400001,
,,,1.6999990E-3,2.5600002,,,,,1.6999990E-3,2.5600002,
,,,1.7199990E-3,2.5600002,,,,,1.7199990E-3,2.4800003,
,,,1.7399990E-3,2.5600002,,,,,1.7399990E-3,2.4800003,
,,,1.7599990E-3,2.4800003,,,,,1.7599990E-3,2.4800003,
,,,1.7799990E-3,2.5600002,,,,,1.7799990E-3,2.4800003,
,,,1.7999990E-3,2.4800003,,,,,1.7999990E-3,2.6400001,
,,,1.8199990E-3,2.5600002,,,,,1.8199990E-3,2.5600002,
,,,1.8399990E-3,2.4800003,,,,,1.8399990E-3,2.5600002,
,,,1.8599990E-3,2.4800003,,,,,1.8599990E-3,2.4800003,
,,,1.8799989E-3,2.5600002,,,,,1.8799989E-3,2.4800003,
,,,1.8999990E-3,2.5600002,,,,,1.8999990E-3,2.4800003,
,,,1.9199990E-3,2.5600002,,,,,1.9199990E-3,2.6400001,
,,,1.9399989E-3,2.5600002,,,,,1.9399989E-3,2.4800003,
,,,1.9599991E-3,2.5600002,,,,,1.9599991E-3,2.5600002,
,,,1.9799990E-3,2.4800003,,,,,1.9799990E-3,2.5600002,
,,,1.9999989E-3,2.5600002,,,,,1.9999989E-3,2.4800003,
,,,2.0199991E-3,2.5600002,,,,,2.0199991E-3,2.6400001,
,,,2.0399990E-3,2.5600002,,,,,2.0399990E-3,2.5600002,
,,,2.0599989E-3,2.5600002,,,,,2.0599989E-3,2.5600002,
,,,2.0799991E-3,2.5600002,,,,,2.0799991E-3,2.4800003,
,,,2.0999990E-3,2.5600002,,,,,2.0999990E-3,2.4800003,
,,,2.1199989E-3,2.4800003,,,,,2.1199989E-3,2.4800003,
,,,2.1399991E-3,2.6400001,,,,,2.1399991E-3,2.6400001,
,,,2.1599990E-3,2.5600002,,,,,2.1599990E-3,2.4000001,
,,,2.1799989E-3,2.4800003,,,,,2.1799989E-3,2.4800003,
,,,2.1999991E-3,2.5600002,,,,,2.1999991E-3,2.5600002,
,,,2.2199990E-3,2.4000001,,,,,2.2199990E-3,2.4800003,
,,,2.2399989E-3,2.4000001,,,,,2.2399989E-3,2.5600002,
,,,2.2599990E-3,2.5600002,,,,,2.2599990E-3,2.5600002,
,,,2.2799990E-3,2.5600002,,,,,2.2799990E-3,2.4800003,
,,,2.2999989E-3,2.5600002,,,,,2.2999989E-3,2.5600002,
,,,2.3199990E-3,2.5600002,,,,,2.3199990E-3,2.5600002,
,,,2.3399990E-3,2.6400001,,,,,2.3399990E-3,2.5600002,
,,,2.3599989E-3,2.4800003,,,,,2.3599989E-3,2.5600002,
,,,2.3799990E-3,2.5600002,,,,,2.3799990E-3,2.5600002,
,,,2.3999989E-3,2.5600002,,,,,2.3999989E-3,2.5600002,
,,,2.4199989E-3,2.4800003,,,,,2.4199989E-3,2.5600002,
,,,2.4399990E-3,2.4800003,,,,,2.4399990E-3,2.5600002,
,,,2.4599989E-3,2.6400001,,,,,2.4599989E-3,2.5600002,
,,,2.4799989E-3,2.4800003,,,,,2.4799989E-3,2.6400001,
,,,2.4999990E-3,2.5600002,,,,,2.4999990E-3,2.5600002,
,,,2.5199989E-3,2.5600002,,,,,2.5199989E-3,2.4800003,
,,,2.5399991E-3,2.4800003,,,,,2.5399991E-3,2.4800003,
,,,2.5599990E-3,2.5600002,,,,,2.5599990E-3,2.4800003,
,,,2.5799989E-3,2.5600002,,,,,2.5799989E-3,2.5600002,
,,,2.5999991E-3,2.4000001,,,,,2.5999991E-3,2.6400001,
,,,2.6199990E-3,2.5600002,,,,,2.6199990E-3,2.5600002,
,,,2.6399989E-3,2.5600002,,,,,2.6399989E-3,2.4800003,
,,,2.6599991E-3,2.5600002,,,,,2.6599991E-3,2.5600002,
,,,2.6799990E-3,2.4800003,,,,,2.6799990E-3,2.4800003,
,,,2.6999989E-3,2.5600002,,,,,2.6999989E-3,2.6400001,
,,,2.71999906E-3,2.4800003,,,,,2.71999906E-3,2.4800003,
,,,2.73999898E-3,2.4800003,,,,,2.73999898E-3,2.4800003,
,,,2.75999890E-3,2.5600002,,,,,2.75999890E-3,2.4800003,
,,,2.77999905E-3,2.5600002,,,,,2.77999905E-3,2.5600002,
,,,2.79999897E-3,2.4800003,,,,,2.79999897E-3,2.5600002,
,,,2.81999889E-3,2.4800003,,,,,2.81999889E-3,2.4800003,
,,,2.83999904E-3,2.5600002,,,,,2.83999904E-3,2.4800003,
,,,2.85999896E-3,2.4800003,,,,,2.85999896E-3,2.5600002,
,,,2.87999888E-3,2.5600002,,,,,2.87999888E-3,2.4800003,
,,,2.89999903E-3,2.4000001,,,,,2.89999903E-3,2.4800003,
,,,2.91999895E-3,2.4800003,,,,,2.91999895E-3,2.5600002,
,,,2.93999887E-3,2.4800003,,,,,2.93999887E-3,2.4800003,
,,,2.95999902E-3,2.4800003,,,,,2.95999902E-3,2.5600002,
,,,2.97999894E-3,2.4800003,,,,,2.97999894E-3,2.5600002,
,,,2.99999886E-3,2.5600002,,,,,2.99999886E-3,2.4800003,
,,,3.01999901E-3,2.4800003,,,,,3.01999901E-3,2.5600002,
,,,3.03999893E-3,2.5600002,,,,,3.03999893E-3,2.5600002,
,,,3.05999885E-3,2.5600002,,,,,3.05999885E-3,2.4800003,
,,,3.07999901E-3,2.5600002,,,,,3.07999901E-3,2.5600002,
,,,3.09999892E-3,2.4800003,,,,,3.09999892E-3,2.4800003,
,,,3.11999908E-3,2.5600002,,,,,3.11999908E-3,2.4800003,
,,,3.13999900E-3,2.6400001,,,,,3.13999900E-3,2.4800003,
,,,3.15999892E-3,2.5600002,,,,,3.15999892E-3,2.4800003,
,,,3.17999907E-3,2.5600002,,,,,3.17999907E-3,2.5600002,
,,,3.19999899E-3,2.4800003,,,,,3.19999899E-3,2.4800003,
,,,3.21999891E-3,2.5600002,,,,,3.21999891E-3,2.5600002,
,,,3.23999906E-3,2.5600002,,,,,3.23999906E-3,2.5600002,
,,,3.25999898E-3,2.5600002,,,,,3.25999898E-3,2.5600002,
,,,3.27999890E-3,2.5600002,,,,,3.27999890E-3,2.5600002,
,,,3.29999905E-3,2.4800003,,,,,3.29999905E-3,2.5600002,
,,,3.31999897E-3,2.4800003,,,,,3.31999897E-3,2.5600002,
,,,3.33999889E-3,2.5600002,,,,,3.33999889E-3,2.4800003,
,,,3.35999904E-3,2.5600002,,,,,3.35999904E-3,2.6400001,
,,,3.37999896E-3,2.4800003,,,,,3.37999896E-3,2.5600002,
,,,3.39999888E-3,2.5600002,,,,,3.39999888E-3,2.5600002,
,,,3.41999903E-3,2.5600002,,,,,3.41999903E-3,2.4800003,
,,,3.43999895E-3,2.5600002,,,,,3.43999895E-3,2.5600002,
,,,3.45999887E-3,2.4800003,,,,,3.45999887E-3,2.4800003,
,,,3.47999902E-3,2.4800003,,,,,3.47999902E-3,2.6400001,
,,,3.49999894E-3,2.5600002,,,,,3.49999894E-3,2.5600002,
,,,3.51999886E-3,2.4800003,,,,,3.51999886E-3,2.5600002,
,,,3.53999902E-3,2.4800003,,,,,3.53999902E-3,2.4800003,
,,,3.55999894E-3,2.5600002,,,,,3.55999894E-3,2.5600002,
,,,3.57999885E-3,2.4800003,,,,,3.57999885E-3,2.5600002,
,,,3.59999901E-3,2.5600002,,,,,3.59999901E-3,2.5600002,
,,,3.61999893E-3,2.5600002,,,,,3.61999893E-3,2.4800003,
,,,3.63999885E-3,2.5600002,,,,,3.63999885E-3,2.4800003,
,,,3.65999900E-3,2.5600002,,,,,3.65999900E-3,2.4800003,
,,,3.67999892E-3,2.4800003,,,,,3.67999892E-3,2.4800003,
,,,3.69999884E-3,2.4800003,,,,,3.69999884E-3,2.4800003,
,,,3.71999899E-3,2.5600002,,,,,3.71999899E-3,2.4800003,
,,,3.73999891E-3,2.5600002,,,,,3.73999891E-3,2.5600002,
,,,3.75999883E-3,2.5600002,,,,,3.75999883E-3,2.5600002,
,,,3.77999898E-3,2.4800003,,,,,3.77999898E-3,2.5600002,
,,,3.79999890E-3,2.5600002,,,,,3.79999890E-3,2.5600002,
,,,3.81999905E-3,2.6400001,,,,,3.81999905E-3,2.4800003,
,,,3.83999897E-3,2.4800003,,,,,3.83999897E-3,2.5600002,
,,,3.85999889E-3,2.6400001,,,,,3.85999889E-3,2.4800003,
,,,3.87999904E-3,2.4800003,,,,,3.87999904E-3,2.5600002,
,,,3.89999896E-3,2.4800003,,,,,3.89999896E-3,2.4800003,
,,,3.91999912E-3,2.4800003,,,,,3.91999912E-3,2.5600002,
,,,3.93999880E-3,2.5600002,,,,,3.93999880E-3,2.5600002,
,,,3.95999895E-3,2.4000001,,,,,3.95999895E-3,2.5600002,
,,,3.97999911E-3,2.5600002,,,,,3.97999911E-3,2.4800003,
,,,3.99999879E-3,2.4800003,,,,,3.99999879E-3,2.4800003,
,,,4.01999895E-3,2.5600002,,,,,4.01999895E-3,2.5600002,
,,,4.03999910E-3,2.5600002,,,,,4.03999910E-3,2.4800003,
,,,4.05999878E-3,2.4800003,,,,,4.05999878E-3,2.4800003,
,,,4.07999894E-3,2.4000001,,,,,4.07999894E-3,2.4800003,
,,,4.09999909E-3,2.4000001,,,,,4.09999909E-3,2.5600002,
,,,4.11999878E-3,2.5600002,,,,,4.11999878E-3,2.4800003,
,,,4.13999893E-3,2.5600002,,,,,4.13999893E-3,2.5600002,
,,,4.15999908E-3,2.5600002,,,,,4.15999908E-3,2.4800003,
,,,4.17999877E-3,2.4800003,,,,,4.17999877E-3,2.5600002,
,,,4.19999892E-3,2.5600002,,,,,4.19999892E-3,2.4000001,
,,,4.21999907E-3,2.4800003,,,,,4.21999907E-3,2.4800003,
,,,4.23999876E-3,2.4800003,,,,,4.23999876E-3,2.4800003,
,,,4.25999891E-3,2.5600002,,,,,4.25999891E-3,2.6400001,
,,,4.27999906E-3,2.4800003,,,,,4.27999906E-3,2.4800003,
,,,4.29999875E-3,2.5600002,,,,,4.29999875E-3,2.5600002,
,,,4.31999890E-3,2.5600002,,,,,4.31999890E-3,2.4800003,
,,,4.33999905E-3,2.6400001,,,,,4.33999905E-3,2.5600002,
,,,4.35999874E-3,2.4800003,,,,,4.35999874E-3,2.5600002,
,,,4.37999889E-3,2.5600002,,,,,4.37999889E-3,2.6400001,
,,,4.39999904E-3,2.4800003,,,,,4.39999904E-3,2.4800003,
,,,4.41999873E-3,2.4800003,,,,,4.41999873E-3,2.6400001,
,,,4.43999888E-3,2.4800003,,,,,4.43999888E-3,2.5600002,
,,,4.45999904E-3,2.5600002,,,,,4.45999904E-3,2.4800003,
,,,4.47999872E-3,2.5600002,,,,,4.47999872E-3,2.4800003,
,,,4.49999887E-3,2.4800003,,,,,4.49999887E-3,2.4800003,
,,,4.51999903E-3,2.6400001,,,,,4.51999903E-3,2.5600002,
,,,4.53999871E-3,2.5600002,,,,,4.53999871E-3,2.4800003,
,,,4.55999887E-3,2.5600002,,,,,4.55999887E-3,2.4800003,
,,,4.57999902E-3,2.4000001,,,,,4.57999902E-3,2.5600002,
,,,4.59999871E-3,2.4800003,,,,,4.59999871E-3,2.4800003,
,,,4.61999886E-3,2.4800003,,,,,4.61999886E-3,2.4800003,
,,,4.63999901E-3,2.5600002,,,,,4.63999901E-3,2.5600002,
,,,4.65999870E-3,2.5600002,,,,,4.65999870E-3,2.4800003,
,,,4.67999885E-3,2.5600002,,,,,4.67999885E-3,2.4800003,
,,,4.69999900E-3,2.4800003,,,,,4.69999900E-3,2.4800003,
,,,4.71999869E-3,2.5600002,,,,,4.71999869E-3,2.4800003,
,,,4.73999884E-3,2.5600002,,,,,4.73999884E-3,2.4800003,
,,,4.75999899E-3,2.4800003,,,,,4.75999899E-3,2.5600002,
,,,4.77999914E-3,2.5600002,,,,,4.77999914E-3,2.4800003,
,,,4.79999883E-3,2.4800003,,,,,4.79999883E-3,2.5600002,
,,,4.81999898E-3,2.5600002,,,,,4.81999898E-3,2.4800003,
,,,4.83999914E-3,2.4800003,,,,,4.83999914E-3,2.5600002,
,,,4.85999882E-3,2.5600002,,,,,4.85999882E-3,2.5600002,
,,,4.87999897E-3,2.5600002,,,,,4.87999897E-3,2.4800003,
,,,4.89999913E-3,2.4800003,,,,,4.89999913E-3,2.5600002,
,,,4.91999881E-3,2.6400001,,,,,4.91999881E-3,2.5600002,
,,,4.93999897E-3,2.5600002,,,,,4.93999897E-3,2.4800003,
,,,4.95999912E-3,2.5600002,,,,,4.95999912E-3,2.5600002,
,,,4.97999880E-3,2.5600002,,,,,4.97999880E-3,2.4800003,
,,,4.99999896E-3,2.4800003,,,,,4.99999896E-3,2.5600002,
,,,5.01999911E-3,2.5600002,,,,,5.01999911E-3,2.4800003,
,,,5.03999880E-3,2.5600002,,,,,5.03999880E-3,2.4800003,
,,,5.05999895E-3,2.4800003,,,,,5.05999895E-3,2.4800003,
,,,5.07999910E-3,2.4800003,,,,,5.07999910E-3,2.4800003,
,,,5.09999879E-3,2.5600002,,,,,5.09999879E-3,2.5600002,
,,,5.11999894E-3,2.5600002,,,,,5.11999894E-3,2.5600002,
,,,5.13999909E-3,2.6400001,,,,,5.13999909E-3,2.5600002,
,,,5.15999878E-3,2.4800003,,,,,5.15999878E-3,2.5600002,
,,,5.17999893E-3,2.5600002,,,,,5.17999893E-3,2.5600002,
,,,5.19999908E-3,2.4800003,,,,,5.19999908E-3,2.6400001,
,,,5.21999877E-3,2.6400001,,,,,5.21999877E-3,2.4800003,
,,,5.23999892E-3,2.5600002,,,,,5.23999892E-3,2.5600002,
,,,5.25999907E-3,2.4800003,,,,,5.25999907E-3,2.4000001,
,,,5.27999876E-3,2.4800003,,,,,5.27999876E-3,2.4800003,
,,,5.29999891E-3,2.4800003,,,,,5.29999891E-3,2.4000001,
,,,5.31999907E-3,2.5600002,,,,,5.31999907E-3,2.5600002,
,,,5.33999875E-3,2.4800003,,,,,5.33999875E-3,2.4800003,
,,,5.35999890E-3,2.5600002,,,,,5.35999890E-3,2.5600002,
,,,5.37999906E-3,2.4800003,,,,,5.37999906E-3,2.4800003,
,,,5.39999874E-3,2.5600002,,,,,5.39999874E-3,2.5600002,
,,,5.41999890E-3,2.4800003,,,,,5.41999890E-3,2.5600002,
,,,5.43999905E-3,2.5600002,,,,,5.43999905E-3,2.5600002,
,,,5.45999873E-3,2.5600002,,,,,5.45999873E-3,2.4800003,
,,,5.47999889E-3,2.4800003,,,,,5.47999889E-3,2.4800003,
,,,5.49999904E-3,2.5600002,,,,,5.49999904E-3,2.4800003,
,,,5.51999873E-3,2.5600002,,,,,5.51999873E-3,2.4800003,
,,,5.53999888E-3,2.5600002,,,,,5.53999888E-3,2.5600002,
,,,5.55999903E-3,2.6400001,,,,,5.55999903E-3,2.4800003,
,,,5.57999872E-3,2.6400001,,,,,5.57999872E-3,2.4800003,
,,,5.59999887E-3,2.5600002,,,,,5.59999887E-3,2.4800003,
,,,5.61999902E-3,2.4800003,,,,,5.61999902E-3,2.6400001,
,,,5.63999871E-3,2.4800003,,,,,5.63999871E-3,2.4800003,
,,,5.65999886E-3,2.5600002,,,,,5.65999886E-3,2.5600002,
,,,5.67999901E-3,2.5600002,,,,,5.67999901E-3,2.4800003,
,,,5.69999870E-3,2.5600002,,,,,5.69999870E-3,2.4800003,
,,,5.71999885E-3,2.5600002,,,,,5.71999885E-3,2.5600002,
,,,5.73999900E-3,2.5600002,,,,,5.73999900E-3,2.4800003,
,,,5.75999869E-3,2.5600002,,,,,5.75999869E-3,2.5600002,
,,,5.77999884E-3,2.5600002,,,,,5.77999884E-3,2.4800003,
,,,5.79999899E-3,2.5600002,,,,,5.79999899E-3,2.4800003,
,,,5.81999868E-3,2.6400001,,,,,5.81999868E-3,2.4800003,
,,,5.83999883E-3,2.5600002,,,,,5.83999883E-3,2.4800003,
,,,5.85999899E-3,2.4800003,,,,,5.85999899E-3,2.4800003,
,,,5.87999867E-3,2.4800003,,,,,5.87999867E-3,2.4800003,
,,,5.89999883E-3,2.4800003,,,,,5.89999883E-3,2.5600002,
,,,5.91999898E-3,2.4800003,,,,,5.91999898E-3,2.5600002,
,,,5.93999866E-3,2.5600002,,,,,5.93999866E-3,2.5600002,
,,,5.95999882E-3,2.4800003,,,,,5.95999882E-3,2.5600002,
,,,5.97999897E-3,2.5600002,,,,,5.97999897E-3,2.4800003,
,,,5.99999912E-3,2.5600002,,,,,5.99999912E-3,2.5600002,
,,,6.01999881E-3,2.6400001,,,,,6.01999881E-3,2.5600002,
,,,6.03999896E-3,2.5600002,,,,,6.03999896E-3,2.4800003,
,,,6.05999911E-3,2.5600002,,,,,6.05999911E-3,2.4800003,
,,,6.07999880E-3,2.4800003,,,,,6.07999880E-3,2.4800003,
,,,6.09999895E-3,2.4000001,,,,,6.09999895E-3,2.5600002,
,,,6.11999910E-3,2.4800003,,,,,6.11999910E-3,2.4800003,
,,,6.13999879E-3,2.4000001,,,,,6.13999879E-3,2.4800003,
,,,6.15999894E-3,2.4800003,,,,,6.15999894E-3,2.5600002,
,,,6.17999909E-3,2.4800003,,,,,6.17999909E-3,2.5600002,
,,,6.19999878E-3,2.5600002,,,,,6.19999878E-3,2.5600002,
,,,6.21999893E-3,2.5600002,,,,,6.21999893E-3,2.5600002,
,,,6.23999909E-3,2.4800003,,,,,6.23999909E-3,2.4800003,
,,,6.25999877E-3,2.4800003,,,,,6.25999877E-3,2.5600002,
,,,6.27999892E-3,2.5600002,,,,,6.27999892E-3,2.5600002,
,,,6.29999908E-3,2.6400001,,,,,6.29999908E-3,2.4000001,
,,,6.31999876E-3,2.4800003,,,,,6.31999876E-3,2.4800003,
,,,6.33999892E-3,2.4800003,,,,,6.33999892E-3,2.4800003,
,,,6.35999907E-3,2.4800003,,,,,6.35999907E-3,2.5600002,
,,,6.37999875E-3,2.4800003,,,,,6.37999875E-3,2.5600002,
,,,6.39999891E-3,2.5600002,,,,,6.39999891E-3,2.4800003,
,,,6.41999906E-3,2.5600002,,,,,6.41999906E-3,2.4800003,
,,,6.43999875E-3,2.5600002,,,,,6.43999875E-3,2.4800003,
,,,6.45999890E-3,2.5600002,,,,,6.45999890E-3,2.5600002,
,,,6.47999905E-3,2.5600002,,,,,6.47999905E-3,2.4800003,
,,,6.49999874E-3,2.4800003,,,,,6.49999874E-3,2.5600002,
,,,6.51999889E-3,2.4800003,,,,,6.51999889E-3,2.4800003,
,,,6.53999904E-3,2.4800003,,,,,6.53999904E-3,2.4800003,
,,,6.55999873E-3,2.5600002,,,,,6.55999873E-3,2.5600002,
,,,6.57999888E-3,2.5600002,,,,,6.57999888E-3,2.5600002,
,,,6.59999903E-3,2.5600002,,,,,6.59999903E-3,2.4800003,
,,,6.61999872E-3,2.5600002,,,,,6.61999872E-3,2.5600002,
,,,6.63999887E-3,2.4000001,,,,,6.63999887E-3,2.4800003,
,,,6.65999902E-3,2.5600002,,,,,6.65999902E-3,2.5600002,
,,,6.67999871E-3,2.5600002,,,,,6.67999871E-3,2.4800003,
,,,6.69999886E-3,2.4000001,,,,,6.69999886E-3,2.4800003,
,,,6.71999902E-3,2.4800003,,,,,6.71999902E-3,2.4800003,
,,,6.73999870E-3,2.4800003,,,,,6.73999870E-3,2.4800003,
,,,6.75999885E-3,2.4800003,,,,,6.75999885E-3,2.5600002,
,,,6.77999901E-3,2.4800003,,,,,6.77999901E-3,2.5600002,
,,,6.79999869E-3,2.5600002,,,,,6.79999869E-3,2.5600002,
,,,6.81999885E-3,2.5600002,,,,,6.81999885E-3,2.4800003,
,,,6.83999900E-3,2.4800003,,,,,6.83999900E-3,2.6400001,
,,,6.85999868E-3,2.4800003,,,,,6.85999868E-3,2.4800003,
,,,6.87999884E-3,2.4800003,,,,,6.87999884E-3,2.4800003,
,,,6.89999899E-3,2.5600002,,,,,6.89999899E-3,2.4800003,
,,,6.91999868E-3,2.5600002,,,,,6.91999868E-3,2.4800003,
,,,6.93999883E-3,2.5600002,,,,,6.93999883E-3,2.5600002,
,,,6.95999898E-3,2.5600002,,,,,6.95999898E-3,2.5600002,
,,,6.97999867E-3,2.4800003,,,,,6.97999867E-3,2.5600002,
,,,6.99999882E-3,2.4800003,,,,,6.99999882E-3,2.4800003,
,,,7.01999897E-3,2.4800003,,,,,7.01999897E-3,2.5600002,
,,,7.03999866E-3,2.4800003,,,,,7.03999866E-3,2.5600002,
,,,7.05999881E-3,2.4800003,,,,,7.05999881E-3,2.4800003,
,,,7.07999896E-3,2.4800003,,,,,7.07999896E-3,2.4800003,
,,,7.09999865E-3,2.4800003,,,,,7.09999865E-3,2.4800003,
,,,7.11999880E-3,2.4000001,,,,,7.11999880E-3,2.4800003,
,,,7.13999895E-3,2.5600002,,,,,7.13999895E-3,2.5600002,
,,,7.15999864E-3,2.5600002,,,,,7.15999864E-3,2.4800003,
,,,7.17999879E-3,2.5600002,,,,,7.17999879E-3,2.4800003,
,,,7.19999894E-3,2.5600002,,,,,7.19999894E-3,2.4800003,
,,,7.21999863E-3,2.4800003,,,,,7.21999863E-3,2.4800003,
,,,7.23999878E-3,2.4800003,,,,,7.23999878E-3,2.5600002,
,,,7.25999894E-3,2.4800003,,,,,7.25999894E-3,2.4800003,
,,,7.27999862E-3,2.5600002,,,,,7.27999862E-3,2.4800003,
,,,7.29999878E-3,2.5600002,,,,,7.29999878E-3,2.4800003,
,,,7.31999893E-3,2.4800003,,,,,7.31999893E-3,2.5600002,
,,,7.33999908E-3,2.4800003,,,,,7.33999908E-3,2.6400001,
,,,7.35999877E-3,2.5600002,,,,,7.35999877E-3,2.4800003,
,,,7.37999892E-3,-720.000028610E-3,,,,,7.37999892E-3,-2.0800002,
,,,7.399999071E-3,-640.000045300E-3,,,,,7.399999071E-3,-2.0800002,
,,,7.419998758E-3,-640.000045300E-3,,,,,7.419998758E-3,-2.0800002,
,,,7.439998910E-3,-560.000061989E-3,,,,,7.439998910E-3,-2.1600001,
,,,7.459999062E-3,-640.000045300E-3,,,,,7.459999062E-3,-2.0000002,
,,,7.479998749E-3,-640.000045300E-3,,,,,7.479998749E-3,-2.0800002,
,,,7.499998901E-3,-720.000028610E-3,,,,,7.499998901E-3,-2.1600001,
,,,7.519999053E-3,-720.000028610E-3,,,,,7.519999053E-3,-2.1600001,
,,,7.539998740E-3,-560.000061989E-3,,,,,7.539998740E-3,-2.0800002,
,,,7.559998892E-3,-560.000061989E-3,,,,,7.559998892E-3,-2.1600001,
,,,7.579999045E-3,-640.000045300E-3,,,,,7.579999045E-3,-2.1600001,
,,,7.599998731E-3,-640.000045300E-3,,,,,7.599998731E-3,-2.0800002,
,,,7.619998883E-3,-720.000028610E-3,,,,,7.619998883E-3,-2.1600001,
,,,7.639999036E-3,-640.000045300E-3,,,,,7.639999036E-3,-2.0800002,
,,,7.659998722E-3,-640.000045300E-3,,,,,7.659998722E-3,-2.0000002,
,,,7.679998875E-3,-720.000028610E-3,,,,,7.679998875E-3,-2.0800002,
,,,7.699999027E-3,-640.000045300E-3,,,,,7.699999027E-3,-2.0800002,
,,,7.719998714E-3,-640.000045300E-3,,,,,7.719998714E-3,-2.1600001,
,,,7.739998866E-3,-640.000045300E-3,,,,,7.739998866E-3,-2.0800002,
,,,7.759999018E-3,-640.000045300E-3,,,,,7.759999018E-3,-2.0800002,
,,,7.779998705E-3,-560.000061989E-3,,,,,7.779998705E-3,-2.1600001,
,,,7.799998857E-3,-560.000061989E-3,,,,,7.799998857E-3,-2.0000002,
,,,7.819999009E-3,-640.000045300E-3,,,,,7.819999009E-3,-2.1600001,
,,,7.839999162E-3,-640.000045300E-3,,,,,7.839999162E-3,-2.0800002,
,,,7.859998383E-3,-560.000061989E-3,,,,,7.859998383E-3,-2.0000002,
,,,7.879998535E-3,-800.000071526E-3,,,,,7.879998535E-3,-2.0000002,
,,,7.899998687E-3,-640.000045300E-3,,,,,7.899998687E-3,-2.0800002,
,,,7.919998839E-3,-640.000045300E-3,,,,,7.919998839E-3,-2.1600001,
,,,7.939998992E-3,-640.000045300E-3,,,,,7.939998992E-3,-2.1600001,
,,,7.959999144E-3,-640.000045300E-3,,,,,7.959999144E-3,-2.0800002,
,,,7.979999296E-3,-720.000028610E-3,,,,,7.979999296E-3,-2.0800002,
,,,7.999998517E-3,-720.000028610E-3,,,,,7.999998517E-3,-2.0800002,
,,,8.019998670E-3,-560.000061989E-3,,,,,8.019998670E-3,-2.1600001,
,,,8.039998822E-3,-640.000045300E-3,,,,,8.039998822E-3,-2.0800002,
,,,8.059998974E-3,-640.000045300E-3,,,,,8.059998974E-3,-2.0800002,
,,,8.079999126E-3,-720.000028610E-3,,,,,8.079999126E-3,-2.0800002,
,,,8.099999279E-3,-640.000045300E-3,,,,,8.099999279E-3,-2.0800002,
,,,8.119998500E-3,-640.000045300E-3,,,,,8.119998500E-3,-2.0800002,
,,,8.139998652E-3,-720.000028610E-3,,,,,8.139998652E-3,-2.0800002,
,,,8.159998804E-3,-640.000045300E-3,,,,,8.159998804E-3,-2.0800002,
,,,8.179998957E-3,-640.000045300E-3,,,,,8.179998957E-3,-2.0800002,
,,,8.199999109E-3,-640.000045300E-3,,,,,8.199999109E-3,-2.0000002,
,,,8.219999261E-3,-560.000061989E-3,,,,,8.219999261E-3,-2.0800002,
,,,8.239998482E-3,-720.000028610E-3,,,,,8.239998482E-3,-2.0800002,
,,,8.259998634E-3,-720.000028610E-3,,,,,8.259998634E-3,-2.0800002,
,,,8.279998787E-3,-640.000045300E-3,,,,,8.279998787E-3,-2.1600001,
,,,8.299998939E-3,-640.000045300E-3,,,,,8.299998939E-3,-2.0800002,
,,,8.319999091E-3,-720.000028610E-3,,,,,8.319999091E-3,-2.1600001,
,,,8.339999244E-3,-720.000028610E-3,,,,,8.339999244E-3,-2.1600001,
,,,8.359998465E-3,-640.000045300E-3,,,,,8.359998465E-3,-2.0800002,
,,,8.379998617E-3,-640.000045300E-3,,,,,8.379998617E-3,-2.0800002,
,,,8.399998769E-3,-720.000028610E-3,,,,,8.399998769E-3,-2.1600001,
,,,8.419998921E-3,-640.000045300E-3,,,,,8.419998921E-3,-2.1600001,
,,,8.439999074E-3,-720.000028610E-3,,,,,8.439999074E-3,-2.1600001,
,,,8.459999226E-3,-640.000045300E-3,,,,,8.459999226E-3,-2.0000002,
,,,8.479998447E-3,-720.000028610E-3,,,,,8.479998447E-3,-2.0800002,
,,,8.499998599E-3,-720.000028610E-3,,,,,8.499998599E-3,-2.1600001,
,,,8.519998752E-3,-640.000045300E-3,,,,,8.519998752E-3,-2.0000002,
,,,8.539998904E-3,-640.000045300E-3,,,,,8.539998904E-3,-2.0000002,
,,,8.559999056E-3,-640.000045300E-3,,,,,8.559999056E-3,-2.0800002,
,,,8.579999208E-3,-640.000045300E-3,,,,,8.579999208E-3,-2.0800002,
,,,8.599998429E-3,-720.000028610E-3,,,,,8.599998429E-3,-2.0800002,
,,,8.619998582E-3,-720.000028610E-3,,,,,8.619998582E-3,-2.0800002,
,,,8.639998734E-3,-560.000061989E-3,,,,,8.639998734E-3,-2.0800002,
,,,8.659998886E-3,-720.000028610E-3,,,,,8.659998886E-3,-2.0800002,
,,,8.679999039E-3,-640.000045300E-3,,,,,8.679999039E-3,-2.1600001,
,,,8.699999191E-3,-720.000028610E-3,,,,,8.699999191E-3,-2.0800002,
,,,8.719998412E-3,-640.000045300E-3,,,,,8.719998412E-3,-2.1600001,
,,,8.739998564E-3,-640.000045300E-3,,,,,8.739998564E-3,-2.0800002,
,,,8.759998716E-3,-640.000045300E-3,,,,,8.759998716E-3,-2.0800002,
,,,8.779998869E-3,-640.000045300E-3,,,,,8.779998869E-3,-2.0800002,
,,,8.799999021E-3,-720.000028610E-3,,,,,8.799999021E-3,-2.1600001,
,,,8.819999173E-3,-560.000061989E-3,,,,,8.819999173E-3,-2.0800002,
,,,8.839998394E-3,-720.000028610E-3,,,,,8.839998394E-3,-2.0000002,
,,,8.859998547E-3,-640.000045300E-3,,,,,8.859998547E-3,-2.0800002,
,,,8.879998699E-3,-640.000045300E-3,,,,,8.879998699E-3,-2.0800002,
,,,8.899998851E-3,-720.000028610E-3,,,,,8.899998851E-3,-2.0000002,
,,,8.919999003E-3,-640.000045300E-3,,,,,8.919999003E-3,-2.0800002,
,,,8.939999156E-3,-720.000028610E-3,,,,,8.939999156E-3,-2.1600001,
,,,8.959998377E-3,-720.000028610E-3,,,,,8.959998377E-3,-2.0800002,
,,,8.979998529E-3,-720.000028610E-3,,,,,8.979998529E-3,-2.1600001,
,,,8.999998681E-3,-640.000045300E-3,,,,,8.999998681E-3,-2.0800002,
,,,9.019998834E-3,-720.000028610E-3,,,,,9.019998834E-3,-2.1600001,
,,,9.039998986E-3,-640.000045300E-3,,,,,9.039998986E-3,-2.0000002,
,,,9.059999138E-3,-720.000028610E-3,,,,,9.059999138E-3,-2.0800002,
,,,9.079998359E-3,-640.000045300E-3,,,,,9.079998359E-3,-2.0800002,
,,,9.099998511E-3,-640.000045300E-3,,,,,9.099998511E-3,-2.0800002,
,,,9.119998664E-3,-720.000028610E-3,,,,,9.119998664E-3,-2.0800002,
,,,9.139998816E-3,-720.000028610E-3,,,,,9.139998816E-3,-2.1600001,
,,,9.159998968E-3,-640.000045300E-3,,,,,9.159998968E-3,-2.0800002,
,,,9.179999121E-3,-640.000045300E-3,,,,,9.179999121E-3,-2.1600001,
,,,9.199999273E-3,-640.000045300E-3,,,,,9.199999273E-3,-2.1600001,
,,,9.219998494E-3,-720.000028610E-3,,,,,9.219998494E-3,-2.1600001,
,,,9.239998646E-3,-640.000045300E-3,,,,,9.239998646E-3,-2.0800002,
,,,9.259998798E-3,-640.000045300E-3,,,,,9.259998798E-3,-2.0800002,
,,,9.279998951E-3,-560.000061989E-3,,,,,9.279998951E-3,-2.1600001,
,,,9.299999103E-3,-720.000028610E-3,,,,,9.299999103E-3,-2.0800002,
,,,9.319999255E-3,-640.000045300E-3,,,,,9.319999255E-3,-2.0800002,
,,,9.339998476E-3,-640.000045300E-3,,,,,9.339998476E-3,-2.1600001,
,,,9.359998628E-3,-560.000061989E-3,,,,,9.359998628E-3,-2.1600001,
,,,9.379998781E-3,-720.000028610E-3,,,,,9.379998781E-3,-2.1600001,
,,,9.399998933E-3,-720.000028610E-3,,,,,9.399998933E-3,-2.0800002,
,,,9.419999085E-3,-720.000028610E-3,,,,,9.419999085E-3,-2.1600001,
,,,9.439999238E-3,-560.000061989E-3,,,,,9.439999238E-3,-2.1600001,
,,,9.459998459E-3,-720.000028610E-3,,,,,9.459998459E-3,-2.0800002,
,,,9.479998611E-3,-720.000028610E-3,,,,,9.479998611E-3,-2.0800002,
,,,9.499998763E-3,-560.000061989E-3,,,,,9.499998763E-3,-2.1600001,
,,,9.519998915E-3,-560.000061989E-3,,,,,9.519998915E-3,-2.0800002,
,,,9.539999068E-3,-720.000028610E-3,,,,,9.539999068E-3,-2.1600001,
,,,9.559999220E-3,-560.000061989E-3,,,,,9.559999220E-3,-2.0800002,
,,,9.579998441E-3,-720.000028610E-3,,,,,9.579998441E-3,-2.1600001,
,,,9.599998593E-3,-640.000045300E-3,,,,,9.599998593E-3,-2.0800002,
,,,9.619998746E-3,-720.000028610E-3,,,,,9.619998746E-3,-2.0800002,
,,,9.639998898E-3,-720.000028610E-3,,,,,9.639998898E-3,-2.1600001,
,,,9.659999050E-3,-560.000061989E-3,,,,,9.659999050E-3,-2.0800002,
,,,9.679999202E-3,-640.000045300E-3,,,,,9.679999202E-3,-2.0000002,
,,,9.699998423E-3,-720.000028610E-3,,,,,9.699998423E-3,-2.0800002,
,,,9.719998576E-3,-640.000045300E-3,,,,,9.719998576E-3,-2.1600001,
,,,9.739998728E-3,-560.000061989E-3,,,,,9.739998728E-3,-2.0800002,
,,,9.759998880E-3,-560.000061989E-3,,,,,9.759998880E-3,-2.1600001,
,,,9.779999033E-3,-640.000045300E-3,,,,,9.779999033E-3,-2.0000002,
,,,9.799999185E-3,-640.000045300E-3,,,,,9.799999185E-3,-2.1600001,
,,,9.819998406E-3,-480.000019073E-3,,,,,9.819998406E-3,-2.0800002,
,,,9.839998558E-3,-720.000028610E-3,,,,,9.839998558E-3,-2.1600001,
,,,9.859998710E-3,-720.000028610E-3,,,,,9.859998710E-3,-2.0800002,
,,,9.879998863E-3,-640.000045300E-3,,,,,9.879998863E-3,-2.1600001,
,,,9.899999015E-3,-640.000045300E-3,,,,,9.899999015E-3,-2.1600001,
,,,9.919999167E-3,-640.000045300E-3,,,,,9.919999167E-3,-2.1600001,
,,,9.939998388E-3,-640.000045300E-3,,,,,9.939998388E-3,-2.0800002,
,,,9.959998541E-3,-720.000028610E-3,,,,,9.959998541E-3,-2.0800002,
,,,9.979998693E-3,-720.000028610E-3,,,,,9.979998693E-3,-2.0800002,
